,AAPL,AMZN,CAT,CVX,GS,HD,JNJ,JPM,KO,LIN,MSFT,NEE,NVDA,PG,UNH,XOM
2012-01-31,0.06156019248445378,0.04948919317771569,0.038729461659560184,0.053068677059675606,0.046014111094965025,0.060053941779231845,0.09420118521706543,0.038489764608365715,0.08951322325992078,0.06119207909698107,0.0627060636688908,0.08474373701120431,0.03464768140311914,0.10941143439354961,0.057301560951388185,0.058877693133912674
2012-02-29,0.06135648203816263,0.04901746798280849,0.03872541933217432,0.0527641349636374,0.04567090367279802,0.05950917716703738,0.09409519783214543,0.03835833021106898,0.0914406491331885,0.06091484920188279,0.062144729599689696,0.08516849241404226,0.03452743974006011,0.11026835717366791,0.057497182161770403,0.05854118737586574
2012-03-30,0.06133546180784493,0.04887739581870095,0.03841624622331404,0.052774724215689836,0.045033968518339025,0.05936434060941187,0.09416774944377172,0.03798341823565941,0.09170101482355326,0.060911872529893975,0.06184441054689182,0.08557895073293008,0.0347533644363782,0.11136326444684165,0.05734139442598597,0.05855242318479327
2012-04-30,0.06085503131880278,0.04908095730215008,0.0388865949965311,0.05286792930796669,0.04619919334355554,0.05983201528818911,0.09389068644903684,0.03833631475233019,0.09080955329517344,0.06026924083673634,0.0613767052767046,0.08536731314693068,0.03510265639921032,0.11119280442340715,0.05748986120181058,0.05844314266146448
2012-05-31,0.062124175179624215,0.04907307048386221,0.0388382060246003,0.05261662344543333,0.04468311330110874,0.05956784630244685,0.09381305204774264,0.03751869696335769,0.09078074228100907,0.05965949514231123,0.06168439369266042,0.0868316291266496,0.0347367505442947,0.11390149299032395,0.05608141211666739,0.05808930035790768
2012-06-29,0.06281749822822413,0.050422012700424346,0.03937347725644766,0.052330220446117376,0.042910981196681866,0.05929541168073347,0.09287585366667914,0.03740101109791344,0.09056143931012584,0.059049547241248126,0.06151714748192986,0.09021592087817053,0.034940756566859126,0.1128741960224234,0.055375308695906476,0.05803921753011534
2012-07-31,0.06270739932076685,0.049730817646593525,0.03912821584766176,0.05253077172281479,0.04196289955481553,0.0601630457103156,0.09204898560344693,0.037578201214673444,0.08984926827622781,0.05888384142617628,0.06087852409815963,0.09138432337958266,0.035264868459629534,0.11470156570923738,0.05489635288716675,0.05829091914273148
2012-08-31,0.0634399716747612,0.05056800424900953,0.03943018318575862,0.052747108729680955,0.04150421113524811,0.060984457652311766,0.09323454278363562,0.03758629245006132,0.0897317273044487,0.05831747101122463,0.06014126406296409,0.09132388388928313,0.03494285855149307,0.11214143996033833,0.05562573036319726,0.05828085299658372
2012-09-28,0.063339887844837,0.050944528377492956,0.03933158624514557,0.05263376025572061,0.041547581103227975,0.06134486711865902,0.09342066762289518,0.037622371288472164,0.08851225423871459,0.05810503452508434,0.06034945835381747,0.09228100375317515,0.0352356867316196,0.11177188973898998,0.05579254898387583,0.05776687381827254
2012-10-31,0.06365970167124352,0.051161917587912005,0.03929764168614363,0.05260432410167819,0.04143606450386878,0.060988153727643504,0.09282727370973193,0.03754708017692133,0.08862002373343876,0.05839721864633,0.060689732572086166,0.09188041170877746,0.03501341662606431,0.11079664704965302,0.05717532161224866,0.05790507088625872
2012-11-30,0.062359820108756854,0.05199341454567503,0.03921226785227348,0.05265043718631483,0.04096083120550669,0.06067239238490023,0.09376849076298643,0.03757546959909682,0.08834770386520287,0.0590152777749557,0.060114168994335575,0.09303987756644953,0.03511031443639106,0.11075416473006174,0.056341417833952155,0.05808395115314098
2012-12-31,0.06130933371172078,0.05124406298863371,0.03939654823997665,0.05282092389602141,0.0410063029856945,0.061743554401687266,0.09373866951730261,0.03781089221394216,0.08873445258597525,0.05891232376361702,0.06056539676939204,0.0922385842857556,0.035597953283162835,0.11031979583022565,0.05669443281554364,0.057866772711348914
2013-01-31,0.0612096685977914,0.052541960565845786,0.03925311284069788,0.052760722103548444,0.04118016389498346,0.06215696235338399,0.09364795090522088,0.03800260829230971,0.08715555984136271,0.058730163026014165,0.060991890646833524,0.09225535751470389,0.03680954736799179,0.10784710373694112,0.057516271808035875,0.05794095650433538
2013-02-28,0.06108990478386037,0.052605715562440425,0.03945657086203404,0.052474455731611816,0.0408290866439624,0.06138398485698523,0.09422092021574699,0.03819322827928332,0.08661266642604772,0.05907721614786355,0.06091191621531592,0.09293440628361659,0.03764838957664604,0.1071340326833408,0.0572635479080431,0.058163957823201634
2013-03-28,0.06201111552254955,0.051988708383029394,0.03954413418197348,0.05214166941343556,0.04021122202354601,0.0615812633135725,0.09421128446645007,0.03778700580809,0.0862025406378944,0.05880890894202727,0.06090979258236262,0.09401314631725569,0.03780346553259304,0.10682341188095548,0.05763029661391379,0.0583320343803513
2013-04-30,0.06063777795839855,0.05229730896814447,0.040048726760302786,0.05280440028309599,0.04022440939103363,0.061875737688115766,0.09471332589165506,0.03773218550495104,0.08424946252327906,0.0588425341078439,0.060933203893786744,0.09474210913561171,0.03792285127841646,0.10575332744134198,0.058086972687332754,0.05913566648669006
2013-05-31,0.06186670085481232,0.052549953450415895,0.04045114576412174,0.053144916225866846,0.0400014647257314,0.06191254663803588,0.09355226733756446,0.0378456526210093,0.08400621513341315,0.05925547738464741,0.06097312145176975,0.09465759082811706,0.038576923587514425,0.10369229070937076,0.05818346368474725,0.059330269602862355
2013-06-28,0.06289102921076377,0.05329497656283144,0.041345472710060616,0.053830612619671425,0.03946619678655616,0.06279292858664695,0.09282296245316077,0.037989861812308075,0.08230359200527196,0.060355634039154143,0.06140610593869548,0.0920138593233292,0.039119576219039345,0.10138035790007745,0.0591402410861743,0.05984659274625903
2013-07-31,0.0627156091623977,0.05263680824183024,0.041628635118010654,0.053983269399580466,0.03905862788130765,0.06319315510157505,0.09268793309062703,0.038020348279391596,0.08283579729186656,0.06075885082734787,0.061058007351368015,0.09176435595667987,0.03963494009882043,0.10103887801117498,0.05893696221749293,0.060047821970528964
2013-08-30,0.06266349851575533,0.05310521266656165,0.0411283079378199,0.05308604774111152,0.036249682425064184,0.06437593380384708,0.09241344660944215,0.036251356641065914,0.08240920741686254,0.05968696878802435,0.058894896362604934,0.09788652868257462,0.04198307057954775,0.09496953653886758,0.06308091474600366,0.06181539054484681
2013-09-30,0.05968598845811517,0.052429808552665914,0.04175845873857667,0.053844956433149314,0.03611117664239412,0.06403370091264494,0.0920725360542127,0.036992295986431854,0.08160923739461809,0.06022216704143792,0.05855650159263435,0.0955625808754874,0.042429355720327425,0.09500031316052923,0.06630939455474955,0.06338152788202533
2013-10-31,0.0602978020467237,0.049472240347126675,0.043555789717907065,0.05539582485748919,0.037412745443119046,0.06633708887994842,0.0919455057414013,0.039223993152163156,0.08033059234487544,0.06096293065744743,0.05612079025646519,0.0941521510664184,0.04578161304403231,0.08960896611672924,0.06606760373531904,0.06333436259283436
2013-11-29,0.058499254280863715,0.04910945027738892,0.04398927432448088,0.0569002340153125,0.03798526608297302,0.06414674277261181,0.09279828808034428,0.04034388217660744,0.078526989639072,0.06302284068854445,0.05468462635839485,0.09506104059382009,0.04652028736224579,0.08922212206545145,0.06515144155911642,0.06403825972277248
2013-12-31,0.0573701716273492,0.04698282111082177,0.0464641731309631,0.05918393855110145,0.03925511671836608,0.06326760573443664,0.09258500041207907,0.04278460721379113,0.07396064012588853,0.06377704107076546,0.05224792186067932,0.09407432383811723,0.048525751242084574,0.08764042505110534,0.0666979208675707,0.06518254144488034
2014-01-31,0.05866981874254427,0.0455455721819721,0.047261246879640714,0.05928862113617862,0.04072166450086907,0.06408195821307187,0.09000585299757351,0.04420288195331351,0.0727128737864787,0.06350507870746736,0.05372908541486765,0.0919731003949518,0.048628568236684044,0.0886540144180895,0.06600678820300641,0.0650128742332909
2014-02-28,0.05999961634496241,0.04516792084509884,0.048335586641416926,0.0603727793879973,0.04123440978039272,0.06439821697310787,0.0875204455415468,0.04474842705598805,0.07205394251091739,0.06316820217982838,0.05424107324249483,0.09233972269482311,0.0489194198648016,0.08794316184115437,0.06480398638220232,0.06475308871326702
2014-03-31,0.06085567026025959,0.04544513784621152,0.04976864466417889,0.06052516379909644,0.04271415647004204,0.06440148417689259,0.08597284714716102,0.04587056090738518,0.0717247422499378,0.06374400366932698,0.05347578054555491,0.09133098110475295,0.04875985634305597,0.08577072333939895,0.06529466044455152,0.06434558703219363
2014-04-30,0.06091801295447357,0.04345426998106906,0.05025915960307423,0.06163768733410991,0.043058250072269766,0.06347751087595457,0.08562758720300931,0.046019388066249174,0.07262923860372085,0.06431624033078819,0.053306656777630496,0.09051953348697594,0.04882255721127273,0.08531292402296337,0.06507060548905484,0.06557037798738405
2014-05-30,0.06281789950931344,0.04352376724343693,0.051049227247933426,0.06201906440972832,0.04302772017312024,0.06465425236302663,0.08447831739541894,0.04677479619831755,0.07243294141448821,0.06623608939340186,0.05250249106920702,0.08873795157311894,0.048606636221713115,0.08318903737136495,0.06502945315643276,0.0649203552599776
2014-06-30,0.06192014910136174,0.04112414596999422,0.05227514823872818,0.06432155322051468,0.0433695851011515,0.06749329049473222,0.08138404753320672,0.04744014888059639,0.07094365505879088,0.0677231610881475,0.05340529588708493,0.08478948907920876,0.05085978339347893,0.08080471194648786,0.06570902999399131,0.06643680501252411
2014-07-31,0.06132312011013169,0.04074374143322673,0.053116749493227096,0.06350150321728583,0.04382777013202821,0.06755297843098654,0.0803632461617854,0.04767405124237528,0.07262640150175562,0.06995258902785884,0.055299704094077626,0.0840489261583765,0.052374066523200986,0.07975168480991035,0.06293027663353251,0.06491319103024065
2014-08-29,0.060772391180523314,0.04074731802111066,0.05359064818714335,0.06286646082200234,0.04415366101276239,0.0671612716572771,0.07886858141966087,0.04808711081525863,0.07268336005799211,0.07122771719288225,0.05614451633170925,0.08336462823864627,0.05115943727022007,0.08181398872381512,0.06243739494820701,0.06492151412078928
2014-09-30,0.06053003310102764,0.040455073042096765,0.05574719364778852,0.06326764195907195,0.044896706703165305,0.06585130988524789,0.07709263719652738,0.04958110906843646,0.07380709806758207,0.07152087312706652,0.05631524838087904,0.08146189742309702,0.051799473042688164,0.08142522468977259,0.06144638812056087,0.06480209254499185
2014-10-31,0.0620890502584324,0.04151451297659108,0.054859754878917574,0.06232333964519296,0.04501648265051828,0.06461554578418613,0.07387011736374102,0.04905458195274673,0.07896060069198971,0.07124785292238875,0.055234238987667,0.0814949346448824,0.05202225605369591,0.0844976393442508,0.05891903020291636,0.0642800616418829
2014-11-28,0.06626016467374825,0.04073130007721749,0.055453868359024806,0.06262522629466057,0.046679281380718786,0.06434820288626501,0.07142933219061728,0.04989194747276159,0.07899057169346234,0.06852576496255305,0.05583767547843288,0.07782199544064458,0.05251143018756315,0.08474801414385458,0.060475587673264004,0.06366963708521145
2014-12-31,0.06676857592851071,0.042816533979709866,0.055690568392517216,0.060663779003027316,0.047607889750738645,0.06631025812102086,0.07051379284140101,0.05019569669620853,0.07757931197625598,0.06741279046759625,0.05619115558339943,0.07713381890465872,0.05134739124337966,0.08721710433722318,0.05986138338036181,0.06268994939399074
2015-01-30,0.06739039526183262,0.0446532003395528,0.054476518694325675,0.05975162437614971,0.04821159482393887,0.06371181292379215,0.07065235540979677,0.04901900437635572,0.08047029444440013,0.06934245262483246,0.05252225805300594,0.08126915488947514,0.05089766578908266,0.08716339156141156,0.05743750413623054,0.06303077229581729
2015-02-27,0.06863345693884114,0.0451079271894107,0.054573342788039665,0.058747967731910954,0.04956514845147518,0.06480296198719893,0.06972170352353364,0.049398680169025974,0.08228580880613702,0.0698693801484732,0.052466511314679144,0.07875411371532764,0.04962880916269359,0.08666127615431819,0.05808057413135921,0.061702337787575896
2015-03-31,0.06898870641270845,0.045909600959328896,0.054216824464466976,0.0593652105998562,0.04975992184581132,0.06425467900364545,0.069168310481398,0.05021122829393321,0.08211918684282289,0.07028915572515707,0.0535805283398462,0.07624358866461958,0.05129676547866856,0.08489612185061496,0.05689562309288236,0.06280454794423979
2015-04-30,0.07066487762077295,0.044129173178155824,0.05402098666074464,0.0591779907337728,0.04991562288025605,0.06362684044648288,0.06895347645145108,0.051084112504716034,0.08610407771516851,0.07076041639410607,0.05138775629377424,0.07431423078782502,0.05172095897302584,0.0847455164727569,0.05716961248925564,0.06222435039773548
2015-05-29,0.06686728869475764,0.044924749344548646,0.05504528083319951,0.06011343872829797,0.0510838298823826,0.06261276549837758,0.06947164622967476,0.051601643405114014,0.08662188643984164,0.07049448140398741,0.05120610769932318,0.07404137253000237,0.05203928278274161,0.08477544821558995,0.056365576376255944,0.06273520193590508
2015-06-30,0.06566262531310857,0.043772455755119066,0.05422438380553593,0.05976587513275312,0.05243584136511856,0.06303960051951414,0.0690315285893851,0.051653562939530634,0.08897286150840415,0.06850296221996381,0.05002953420292712,0.0752804943143967,0.05098383217569892,0.08786060293204842,0.05547241218193736,0.06331142704455855
2015-07-31,0.06457458978515089,0.04490210264680947,0.053824204304589736,0.058632910913764054,0.053380815703659164,0.06290501741394738,0.06907389539352514,0.05192803133132379,0.08912586706567573,0.0670771077754183,0.05124948085579305,0.0768986298585544,0.05089145768897889,0.08760464511034184,0.0557163719164411,0.062214872236027036
2015-08-31,0.06004021716600915,0.04451974227460342,0.056470155093033464,0.05532622682369715,0.05482167223651987,0.06392830087234101,0.06958106587144208,0.05248438027451803,0.09100970801224213,0.07035828480860935,0.05117817669605284,0.08069604093493553,0.04883222227361109,0.0855231401572321,0.055751394431863575,0.05947927207328911
2015-09-30,0.058727812648799435,0.04498527635069666,0.05729142245192531,0.055077468606108716,0.054449882025443055,0.06338802455329644,0.0710421089176846,0.05181338804285168,0.09331251827888698,0.06984899604471156,0.050625215092119806,0.08184099633667011,0.048191037773061954,0.08533728882490081,0.05512612290388288,0.058942441148959974
2015-10-30,0.05753720707164109,0.04592805435615464,0.056806496037342814,0.053606841325463554,0.05452353550882815,0.06435839557010926,0.07147903270448364,0.05249864869821613,0.09283988692982414,0.06965813389324137,0.04966503209945317,0.08257148038094801,0.047616795069728234,0.08536662889734943,0.05761402688381015,0.05792980457340629
2015-11-30,0.05712218215585975,0.046534765934407266,0.05595909357502868,0.05203625070653935,0.05473449314548025,0.06438269532608475,0.07115989712206998,0.052622670903719214,0.09259746662713626,0.06973068132909323,0.05002705300710209,0.08644978746397647,0.048002796255667946,0.08487445044069596,0.057454877327473695,0.0563108386796651
2015-12-31,0.056386944032434994,0.047393335493847215,0.05594427803070265,0.05135081835060518,0.05302867702975534,0.06493604803925128,0.07200432383589826,0.05208602883416462,0.09232066252014384,0.07054204794467304,0.050258975131236165,0.08554849312725264,0.047932756983068175,0.08496927116967562,0.05870103774930491,0.05659630172798608
2016-01-29,0.05446272190840472,0.0475696946877297,0.055337413619182915,0.04984881709750564,0.051369754076293066,0.0645081727825306,0.0721113294090784,0.05109888330261773,0.09645509070026174,0.07121282537497821,0.04908378110383248,0.08807601090370891,0.04819832757273508,0.08469339799644719,0.06001130987786588,0.055962469586827886
2016-02-29,0.05393042152058259,0.04885260451818945,0.05356772724845491,0.048810585622824296,0.05011092995514987,0.06402433082940556,0.07411593382075164,0.04925985612303244,0.09834205662780035,0.07030986257375264,0.04844551851229668,0.09104469265807595,0.04695229968319447,0.08552525587196373,0.05985422664245734,0.05685369779206803
2016-03-31,0.053115415953001746,0.04864743413090445,0.053019635628511017,0.04824300655653345,0.04994500922667105,0.06447756729806871,0.0750522557607342,0.04905702624250251,0.0979067519693481,0.06895042265670233,0.048991736429807656,0.09228245526124976,0.046606280735971645,0.08624953910784176,0.06005860410206806,0.057396858940083624
2016-04-29,0.05349547150430888,0.049909381225780605,0.05255515381351409,0.04817866956497866,0.04954742045378777,0.06494839847157785,0.0757365560656041,0.048700800996847635,0.09689372058677165,0.06932868426867678,0.049208265704465196,0.09172510167970066,0.04714653740481549,0.08563276291282323,0.059914572849903716,0.057078502496443605
2016-05-31,0.05360948301928098,0.04994591556824984,0.052385654779306894,0.048087897102237924,0.04933744651924849,0.06428946796157965,0.07615989254149612,0.04875207622868181,0.09684189381863573,0.06904959909697025,0.04899733593414246,0.09182395819150461,0.04739616388184482,0.08564624432831061,0.06041297912059513,0.05726399190791459
2016-06-30,0.05380860479451406,0.05080704339383232,0.05134555958849552,0.04857010297443559,0.04801578261056401,0.06552415835401201,0.07703848802608411,0.04746150889578848,0.09566045785292521,0.0676809220454658,0.048691987061793666,0.09524473722459786,0.04691625825726077,0.08487471509038581,0.060899760006787956,0.0574599138230568
2016-07-29,0.05396239490428722,0.0519445928200145,0.05120612740508557,0.04838406779624153,0.04774342688968512,0.06491806911691805,0.07741326733270734,0.04739411476515154,0.09555603974026464,0.06719540311342653,0.04834025415148811,0.09541043061863771,0.04648629236695506,0.08511977994222822,0.06133837754049885,0.05758736149641008
2016-08-31,0.05356958879030873,0.05214076086224277,0.050976444063439506,0.048201671007014744,0.047434470039529573,0.06531762268461146,0.07781835408617704,0.047102296107342324,0.09529294803740601,0.06710424806509632,0.047697692319429615,0.09615763695418904,0.04678117927804219,0.08470479062323297,0.06170022627359397,0.05800007080834372
2016-09-30,0.0543987954169564,0.052639907695553774,0.05080609699512847,0.0480353826077615,0.04755650241418429,0.06579111263916662,0.07884486617880275,0.04794396708799147,0.09327464221117525,0.06783920013706916,0.048174370215788284,0.09374644232064769,0.04640984696590289,0.08386551848105589,0.06256235580926964,0.0581109928235459
2016-10-31,0.054038106784631355,0.052054156323434124,0.05157466494777845,0.04808991794014901,0.047623696907111664,0.06686360271471421,0.08177049422387284,0.048321282361718246,0.0898097968874419,0.06771797768263452,0.04817802016991732,0.0944000633387081,0.045926554142216316,0.0829865886763878,0.0626409120608942,0.05800416483838994
2016-11-30,0.054033802843190676,0.0513992734495914,0.05239214616980555,0.048950234885487685,0.04781694172980832,0.06686210943667688,0.08209344344962556,0.04884210523077926,0.08925196188380571,0.06850216312559221,0.048038400284866986,0.09474143643175299,0.04368342865012129,0.08174701820411659,0.06280882605994538,0.058836708164833516
2016-12-30,0.05438311938828789,0.05055109049265457,0.05190902200298264,0.049480278550445615,0.04770188989659885,0.06558799023707217,0.0830788755455022,0.04901706805767407,0.08983033942598742,0.06891282094931128,0.04753628868830039,0.09524455792827659,0.04294951587585796,0.08032906495769533,0.06393128509817461,0.05955679290517833
2017-01-31,0.05429894524883791,0.048896089770726285,0.05223899841021358,0.04927220132300422,0.047374041396926296,0.06756517242660662,0.08367897883974743,0.04928316627832714,0.08941438781798168,0.06748083189927165,0.04881810055169099,0.09300739871144272,0.04299156325446972,0.08091679615797762,0.06572017197189675,0.0590431559408795
2017-02-28,0.0538554968170895,0.04866985060960188,0.05230341356436972,0.04945384471612802,0.047193615486361376,0.06802928062883616,0.08348664819009403,0.04914019403877675,0.08938490783939457,0.0670183867394121,0.04879666580243998,0.09411264460200469,0.04325299508290756,0.08036339198226768,0.06533066471371378,0.05960799918660227
2017-03-31,0.05273245017700598,0.04821702622897936,0.05137745441680967,0.0485171806618628,0.046830862915292815,0.06874579965641373,0.08492264284445367,0.04815393656422288,0.09030123278673115,0.06619088246322088,0.04764379779114942,0.09912841409566168,0.04191603152918526,0.08131078998316983,0.06561113769113949,0.05840036019470137
2017-04-28,0.052798312055686095,0.049984710144174986,0.0502773046173893,0.048259167522862245,0.04602112119181658,0.06837550806840606,0.08435333978902838,0.0474506087104684,0.09067162952816853,0.06510032899558318,0.04903124373519693,0.10127511763029513,0.041471582318075836,0.08100551791492716,0.06570714329573941,0.05821736448218172
2017-05-31,0.05351849611938343,0.04961263730335112,0.049282033977649985,0.04742911364913645,0.045024658536832664,0.0695803393479113,0.08499486525178061,0.04677395989886956,0.09020404619832043,0.06519623323447848,0.049047427314926444,0.103537124414007,0.03933410961908129,0.08161908909710053,0.06672639310412844,0.058119472933042225
2017-06-30,0.05269640272421795,0.04945831786680255,0.04867730720936414,0.047457136107004375,0.04498153775569166,0.06951140206389739,0.08651046871738978,0.046952010598517155,0.090502991678912,0.06451361771890422,0.04881880979080014,0.10409563205381367,0.03882805965336166,0.08208450966236058,0.06704115071737637,0.05787064568158644
2017-07-31,0.05306202611401028,0.048608175353791784,0.048903834116855484,0.04757973423972233,0.04462352175280525,0.06939074298370124,0.08656397597703681,0.04669288588490468,0.0906688961756133,0.06527523599274285,0.04807253967991843,0.10413775854109542,0.038450887838797056,0.08219944221011187,0.06768135565912574,0.058088987479767526
2017-08-31,0.05441131377951939,0.04905751031919026,0.04526792117993682,0.04863083354813931,0.04220451210929049,0.0693305042548157,0.08985366870574385,0.04582789198452852,0.0878477515805955,0.06105894574362184,0.04808492546560551,0.1066220276419485,0.036783528679297454,0.08423846664074809,0.0699958697386018,0.06078432862841707
2017-09-29,0.05379311594419535,0.048824877506055915,0.044963664331384316,0.048136516285303035,0.04186318433764329,0.07305227712038953,0.08861156058614714,0.04555580243030521,0.08703489212543108,0.06053735272676893,0.04805619506276916,0.10719965169079149,0.03576977481849669,0.08397977064369053,0.07163627229154586,0.06098509209908255
2017-10-31,0.05312643959812507,0.04784174623298411,0.045040983370162206,0.049525154829170887,0.04191646744124428,0.07219571382998612,0.08992039789511105,0.045280771051652666,0.08782855405218323,0.06163726179997464,0.04879700744207012,0.10762379153553545,0.03516286455580674,0.08473640333620976,0.06747951197676601,0.06188693105301756
2017-11-30,0.05304398953352314,0.04759261137110803,0.04430864328276383,0.05172405100120705,0.04176765562302119,0.07071926410305283,0.09131804681042166,0.04563555358980064,0.08728831812764155,0.06084979203876404,0.04867901587382438,0.10277339136007096,0.03494209546685377,0.08576673996564822,0.06888239999135405,0.06470843186094459
2017-12-29,0.05222156204247904,0.0457483334510984,0.043204098909518075,0.05281351306497588,0.042445203291959076,0.07050073240491767,0.09261066538628755,0.04577278871954787,0.0897350805773416,0.05923090080252714,0.04747553514496243,0.10594448616518341,0.03330053080210812,0.08600382376078403,0.06719547012056976,0.0657972753557401
2018-01-31,0.055205863814792026,0.04651723961448194,0.04246910057407148,0.05536803664353024,0.04373083089743895,0.07062410456231834,0.0961417278614283,0.04674273631601309,0.0844926504377708,0.055673674226238964,0.04799015534685351,0.1031594820482934,0.031758987659784514,0.08631831877366372,0.06428235656614703,0.06952473465717371
2018-02-28,0.05573808111502003,0.05312592994902098,0.04400638484103245,0.05819172650712149,0.04624407560368203,0.06515914453965757,0.085097660323257,0.051989985557450144,0.08242038500240112,0.055736396703681,0.04857494230610514,0.10478097059578041,0.03301502450090617,0.08380745649275974,0.06379911704074756,0.06831271892137711
2018-03-29,0.05554452818822205,0.051652095716914405,0.042705571684158034,0.059840486613091895,0.0457592496432265,0.06323004024092,0.08070882821096693,0.051658976414566696,0.08681096117060173,0.0547848743635096,0.04589116802345495,0.10829268877865528,0.03234881989052989,0.0882235101692193,0.06411237929663857,0.06843582159532421
2018-04-30,0.0564731177597662,0.04904128397547865,0.04238587257372166,0.059978465826801476,0.047439630730308505,0.06157860308415595,0.077886929047498,0.05392608117097325,0.08635839679004499,0.05337997428645437,0.04517401347588584,0.1136038638374286,0.03193252805010574,0.08865913792696675,0.06398919354629261,0.06819290791811745
2018-05-31,0.05702503297100145,0.05105274383127536,0.042389330477306475,0.06028957900258938,0.04797298558108451,0.0627302098515134,0.07615137005603394,0.053539167480297294,0.08748854421488415,0.05311074289087861,0.04616642580615873,0.11370606705176915,0.031359719896078206,0.08726047347978898,0.06361065505289142,0.06614695235644893
2018-06-29,0.05664993010541521,0.05091120124936691,0.04273940372024857,0.05990063081952458,0.04972308553446719,0.06104967653423247,0.07441460117571388,0.05698681737639111,0.08853791289662907,0.05360076905697582,0.04666048473052902,0.11143278341659014,0.03075724378965679,0.08869490933737482,0.06244660800442362,0.06549394225246084
2018-07-31,0.05575445882098625,0.05014589383983364,0.04216234630838149,0.06065188720429539,0.050712055141968186,0.061855202535684176,0.07280360072363543,0.05797133623092054,0.08884196271607352,0.05310586770517477,0.04640169705127709,0.1140007569592532,0.030459472132215906,0.08750082579951296,0.06205504315747051,0.065577593673317
2018-08-31,0.05608120351229752,0.04989921139921487,0.04141009514381148,0.060904155761522,0.05027062105178758,0.062193813505027874,0.07291480115177677,0.05778457303806176,0.08898308423973975,0.05256614482538035,0.046328738687873794,0.11527231405741156,0.03076616555042277,0.08719416934236886,0.06210157924979279,0.06532932948351013
2018-09-28,0.054335978198682015,0.04978014564876348,0.04106996613944862,0.06194632098137141,0.049771891453742036,0.06263231940690388,0.07075385340437056,0.05584285584206006,0.09156708764609348,0.05090746678479205,0.045243875975647475,0.12142763355920229,0.030838006715380038,0.08685645763761733,0.06052020826177591,0.06650593234414937
2018-10-31,0.052907902068441405,0.044368343506876184,0.03985425499632098,0.061184398185952525,0.05019261779054933,0.061924563897284436,0.07121801559671898,0.05620448721369415,0.09231817606018919,0.0523448301777326,0.043760421788512624,0.13222801950335344,0.028557165132474707,0.08775422151857394,0.059838357446509526,0.06534422511681583
2018-11-30,0.04921882372609523,0.042581839872538725,0.03764145502084708,0.059888989415555184,0.04842975532808828,0.05900619309967834,0.07195585703737643,0.055935580543007755,0.09610524852600258,0.053615718502483437,0.04291420661246494,0.13739531030831417,0.029368351661750287,0.09297876912555027,0.058478888557868175,0.06448501266237913
2018-12-31,0.04736798228893825,0.03959625780579286,0.03883535658836234,0.0588679485309168,0.049184909940745286,0.05834481008507604,0.06857793140947434,0.056721435771797564,0.10066977899641719,0.057115840777575685,0.042777050743572985,0.13907762175208987,0.030825825104054235,0.09125466681982493,0.057345907424764725,0.06343667596059689
2019-01-31,0.04477926951895646,0.03913254935153101,0.03795443898283851,0.05964534072748719,0.05033220048396417,0.05873630183409653,0.06921499009790565,0.058392995576577525,0.10175389155042615,0.058014367704472866,0.04289125874194483,0.13581725720195467,0.02978943921704587,0.09109123953567647,0.05836629241874047,0.06408816705638175
2019-02-28,0.04508474858931525,0.03929714131736686,0.037875734074647865,0.05981349845745361,0.05046964260703438,0.058626199607035516,0.06927715394623865,0.05844390985650722,0.09888746047598301,0.05752333422720794,0.04300304558751269,0.1381965694807846,0.02972669378739883,0.09173440012124322,0.05813449212193148,0.06390597574233889
2019-03-29,0.04493833759916662,0.03892689480244813,0.038294770827847276,0.05972447086334556,0.050665119467245126,0.05887048905993483,0.06973309541749714,0.0590521870755054,0.09805737982534679,0.05785519732945976,0.04277053826036526,0.13887160194716916,0.02913473082455582,0.09142492164872432,0.057471076252942684,0.06420918879844613
2019-04-30,0.045005041900557374,0.03866659588155866,0.03869737306102313,0.05948614627525202,0.05106742031953176,0.058701372516855914,0.06981800499566149,0.059691984578885575,0.09735180587957272,0.05804478807277367,0.04273939250485057,0.1382034155925285,0.029184372878486346,0.09180932599958254,0.05746924904402563,0.06406371049885422
2019-05-31,0.0450888846975763,0.038558525642548275,0.03864238126154115,0.060280649946438614,0.051350858405650054,0.05871058139617594,0.06963852013955137,0.06011282439953294,0.09651676578042032,0.05705986820076276,0.04241680236643674,0.13977542854600974,0.02996433806447365,0.09004679744170374,0.058282369552428354,0.06355440415874998
2019-06-28,0.044881893379152195,0.038801775525214015,0.038870668057662684,0.060064364235776255,0.05132537809634662,0.05860967063745339,0.06938877325638372,0.06006561928001137,0.09680240443965119,0.05697121143318903,0.04225007899681327,0.14082752268333532,0.029818279145951306,0.08938650590764011,0.058865756103923424,0.06307009882149614
2019-07-31,0.04550100030709314,0.0391164778213829,0.0395491423737863,0.06074173073261576,0.05140222442248525,0.05872046816619912,0.06996518531820076,0.060170721226194566,0.093870407087108,0.05683103042146263,0.042451957659565324,0.14059636563417283,0.029816258285951223,0.08955067789406511,0.05818334170470241,0.06353301094501465
2019-08-30,0.04463508011079014,0.039595492799782556,0.03993041882520513,0.06020923649838034,0.05066152400994873,0.05840360400081675,0.07114325401989505,0.05892908648951072,0.09352904792540889,0.0594001357903194,0.04257053772048534,0.14367127236907032,0.029630988667780436,0.08721023910475509,0.058801123677433516,0.0616789579904176
2019-09-30,0.04440357543048694,0.03939380690715662,0.0394915065085655,0.06019117256725157,0.050181897608682496,0.05741304015003539,0.0715384222768152,0.058519677012384176,0.09339185334424509,0.05915304794704541,0.04238301126964824,0.1466660408074299,0.029591342724438596,0.08739205991538161,0.05873642637962713,0.06155311915080615
2019-10-31,0.0445990048187129,0.04063738898250775,0.039347120419523575,0.05910834970492257,0.05020234442526973,0.05778748008372691,0.07233928394067984,0.05771252946395055,0.09363124496279138,0.05877753546430927,0.0429075504980962,0.14675102083890296,0.029764198858263962,0.08648931539164983,0.05911835211953006,0.060827280027162395
2019-11-29,0.044423433700122916,0.04071023487824372,0.03934669385185004,0.05895823196743072,0.04986067209098419,0.05748902476476228,0.07207816120761822,0.05749633806787739,0.09365097713728068,0.05893725736789229,0.04284436306012571,0.1486427458917125,0.029724782027409243,0.08653585848199188,0.05866175129732474,0.06063947420737349
2019-12-31,0.044517084003571634,0.04079698176840147,0.03957788277838701,0.05892926050192404,0.04954392758761669,0.05739479051540226,0.07185245166879664,0.05721746090241133,0.09351103052696319,0.05860015881435278,0.0431035912220337,0.14850153724571702,0.02977095919040516,0.08692479677876533,0.05913622755557492,0.060621858939676886
2020-01-31,0.0436308365570987,0.04185037061971708,0.03928579533060203,0.05889277160265156,0.048523294722545504,0.05769201085591342,0.07284615515927056,0.05656205850691958,0.09287201971131705,0.058310432397358676,0.04284318392739052,0.15127626577841422,0.029621772581537063,0.08649225244764643,0.059267784407512535,0.060032995394105025
2020-02-28,0.04267279043102831,0.04092120557512911,0.04020655511072007,0.059990597267711936,0.04973022075061154,0.060772171439276663,0.0769101962056609,0.05676611848349909,0.09386972193768378,0.058451499910926435,0.04324275088998424,0.14696918175469947,0.029841932465503408,0.08488609313494051,0.056802309395651,0.057966655246973565
2020-03-31,0.05324288194753944,0.06951234556813926,0.05633644153502609,0.05027386149562517,0.050391019349727874,0.056893620032202614,0.08417484032980098,0.05231989638303493,0.08871521562779684,0.06712935487089235,0.05239444333442587,0.07914341029981171,0.040421851803056616,0.08195421839093331,0.054785543531470235,0.06231105550051667
2020-04-30,0.0537308944392429,0.07420092396536163,0.05660969518546894,0.049096276167277464,0.05038997403846264,0.05716577879704444,0.0857147593804371,0.051669067156956155,0.08478247516539031,0.06609777239052846,0.05357640550300977,0.07487091143109442,0.040642360701380734,0.08449234014551667,0.055373947906924736,0.06158641762590356
2020-05-29,0.054474442774265414,0.07439054165276462,0.05567079593142215,0.04867974020653923,0.0497188349412076,0.05766044960015593,0.08770968734668648,0.05111266763681543,0.08390193160324093,0.06571181990136386,0.054486518707685665,0.07465478885336867,0.04127228492039813,0.08491551696685354,0.055896463048622856,0.05974351590860949
2020-06-30,0.054958625531423354,0.07565651028540397,0.055177363774772246,0.04825235504856719,0.04893898030736919,0.05801940247295628,0.08831807358685559,0.05054914801598773,0.08235553459707003,0.06536849995916831,0.05507049426881892,0.07547740982920739,0.04227013740140889,0.08589087989505045,0.05570930980290518,0.057987275223035206
2020-07-31,0.054899680221206594,0.07539436786999991,0.055244818467573474,0.04796522170846854,0.048546352582475985,0.058053941947355026,0.08897586094564869,0.050340849088624864,0.08226072754917793,0.06553265132118155,0.05523314224370981,0.07514841215101478,0.042502212498938874,0.08667872349983752,0.05566261548993472,0.05756042241485167
2020-08-31,0.054787524903058285,0.07538522428643092,0.05548497757952575,0.04792171872747902,0.04872049187301731,0.058028889434544456,0.08894155277454162,0.05055732509002066,0.08200619935565041,0.06564110848156386,0.055276744906964645,0.07505927193081763,0.042305369900581084,0.0866107919659663,0.05574165744933631,0.05753115134050177
2020-09-30,0.053867543175313115,0.07375559419084483,0.05610129703014415,0.04829788896958405,0.04923877919922344,0.058126485526035075,0.08931563783668198,0.051171981616379925,0.08170413715652199,0.06554348372427558,0.05461329694828701,0.07493126011547538,0.04160944639143196,0.08714810732625432,0.056243948791910546,0.058331112001636626
2020-10-30,0.05339350734047731,0.07576849796362349,0.056663045115056286,0.048218730806750765,0.049424568430649976,0.058330846841672994,0.08866788522893643,0.051099578573434716,0.08087433413579452,0.06515519798386643,0.05497870148327418,0.07363450694462371,0.0427129494419874,0.08671662601175802,0.05650713365028638,0.057853890047807326
2020-11-30,0.0545369595146811,0.07927139314653327,0.05733025787529109,0.04715184046378464,0.049474248133118424,0.05898130078187286,0.08816359576405178,0.05010572626348597,0.07919462050581204,0.0642295569518407,0.05563275296002359,0.0728487617545801,0.0437491944487605,0.08650403923681706,0.05653710457320718,0.05628864762613972
2020-12-31,0.054714954345876546,0.08431095514065909,0.05773764002855932,0.046523562518097535,0.04889069155859238,0.05917241578771958,0.08907493474622409,0.04941118219581526,0.07770633312406723,0.06319984425196006,0.05612671758582241,0.07134796220384126,0.043928592961826836,0.08609605623894147,0.05613186357229058,0.055626293739706345
2021-01-29,0.05590364697508455,0.08596730380601623,0.058922850886998245,0.04619816189744045,0.04875395491061273,0.05915680526571389,0.08870112773645382,0.049073190833993266,0.07720343367064683,0.06248482195752851,0.05668609362039752,0.06932048141751355,0.045014096081807904,0.08537881093006333,0.05590718174974395,0.05532803825998527
2021-02-26,0.0557615243662426,0.08591297010957796,0.059190426604188454,0.046143164865059226,0.04859642921083963,0.059376924798386556,0.08893604178400427,0.04900651916902405,0.07722367523818363,0.06249841290466862,0.0565849083312407,0.06922920555270325,0.044895256875006305,0.085343555496761,0.0562346302388325,0.05506635445528118
2021-03-31,0.055490347067054614,0.08625376057422117,0.05941481087506616,0.04622074899262537,0.04904712791567158,0.059352432752284974,0.08860070179195328,0.04948131626194802,0.07715474372127978,0.06220279117583671,0.05655199033969277,0.06816207876303026,0.04507202261916297,0.08531010756583084,0.056776815542784055,0.05490820404155735
2021-04-30,0.05520934199930594,0.08611541068512985,0.05963018130988669,0.04631746233886894,0.04909659773209277,0.05926318054047406,0.08883992125954344,0.04934939698502087,0.07730813289842292,0.062179164351260474,0.05647718915587788,0.06832510235968765,0.04477081790667407,0.08545752829105546,0.05667415286143105,0.054986419325268016
2021-05-28,0.055337555826225786,0.08679041280565021,0.06016980128232454,0.04602007663590446,0.04903893559080577,0.058894639953714696,0.08939774711110078,0.04933679579899493,0.07729743760662264,0.06229670580590036,0.056456941179830814,0.06769949746518762,0.04490682344530779,0.08521633786571604,0.056401043499135606,0.05473924812757791
2021-06-30,0.055582463122630994,0.08786041983271241,0.06010686320146084,0.04585488509654329,0.04902321324987301,0.05890132823932919,0.08923501629107437,0.04926870673371277,0.07679089580686675,0.062157744887945676,0.05677745151661412,0.06717230377189459,0.04523037233210157,0.08526408295003222,0.056146141408919784,0.05462811155828838
2021-07-30,0.05526976108272717,0.08737122377664945,0.05980412215093979,0.0456965681628341,0.048764643312056245,0.058894334687110944,0.08911580878902234,0.048975165216210335,0.0774381728191882,0.06224122324257301,0.056891977598168005,0.06743331356808224,0.04548049371453249,0.0858895170274098,0.05638796206164149,0.05434571279085442
2021-08-31,0.055829677680841364,0.08873576537594982,0.059925283020944554,0.04531245663881444,0.04896620292190344,0.05867935100504902,0.08882431956284378,0.04904271267492973,0.07686896177787404,0.061561561263861364,0.057040171393826784,0.06634870907128956,0.046204702357169926,0.08616737692489355,0.05616241919927362,0.05433032913053502
2021-09-30,0.05584462976975361,0.0887601326726708,0.05989814946812846,0.045340636127154055,0.049028175748482346,0.05884026337174577,0.08883335488158203,0.04914572639868874,0.07666828298656087,0.06147963067429967,0.05708225434902956,0.06615437256234476,0.04641244393252806,0.08618587313427048,0.056147270118586244,0.05417880380417433
2021-10-29,0.055906994155666905,0.08858061552770943,0.05997981206518784,0.04537222148782301,0.04891945333223566,0.05880695340651272,0.08905718460536902,0.049215104451008546,0.07679172213080879,0.06163467950859817,0.05715798195971341,0.06576799580875527,0.04633011162625086,0.08625629208940425,0.05594419472708403,0.054278683117872276
2021-11-30,0.05622963957672688,0.08789833236834628,0.060109441890033304,0.045471736714671376,0.04910323421379914,0.059024201607942355,0.08937873304715233,0.04939539073330274,0.07639285702055164,0.06179836063035186,0.0571617647927361,0.06576245923323638,0.0458892522540478,0.08620963256120528,0.05601800126901368,0.05415696208688294
2021-12-31,0.05604645739594709,0.0880258011936029,0.060043958406928645,0.0455392765598034,0.049118072651906396,0.05896608452740111,0.08982539129194704,0.049577572828218876,0.07641931900655084,0.06172937491873717,0.057027050450650006,0.06573078052135714,0.04536999414978223,0.0863853888006085,0.05603494064840457,0.05416053664815408
2022-01-31,0.056112551550264705,0.0853263897292657,0.06100396689465667,0.04609046169612213,0.04896140384968089,0.058968158790072306,0.0905327621978292,0.04954753587782102,0.0768359864690447,0.0619235752676379,0.05715969633864724,0.06448688009361105,0.045038843658907236,0.08694406094823114,0.056313807686732394,0.05475391895147575
2022-02-28,0.05675979793430662,0.08370896791620036,0.061035174038174725,0.04633480385711902,0.048685807896905305,0.05827180870547075,0.08980555871218222,0.04945834978008722,0.0774646375178534,0.06181009841123771,0.05736441614216542,0.06383974542166952,0.04453064262338924,0.08809066262892122,0.05724534664460634,0.05559418176971096
2022-03-31,0.053320317909251985,0.06469394909830851,0.05470742757299551,0.050712470944782435,0.04788558788950727,0.06604514022742754,0.09914926807123645,0.04984112285624773,0.07236983889163467,0.05330294200403518,0.057864521182140013,0.07293639405960776,0.03893278781931979,0.10360815365868083,0.06441684389501942,0.05021323391980492
2022-04-29,0.05200022871098885,0.054434331595501456,0.05538178272438386,0.05327733438418899,0.046511301681554415,0.06640943805342611,0.10259663525380168,0.05032469966411253,0.07780161396141975,0.053134654936437695,0.05669595241686138,0.07527242455523739,0.03760699217601549,0.10307103025618367,0.06467971971199206,0.05080185991789466
2022-05-31,0.04899259965144323,0.05153841346895405,0.05769590065137354,0.05502442400988458,0.04911965327164677,0.06518750736011429,0.10228888286035566,0.05262132082317685,0.07747399513482346,0.05432826761778041,0.05449659202447051,0.0760774271425771,0.035290449490659556,0.10118054751976635,0.06503925070074874,0.05364476827222487
2022-06-30,0.04716694098802185,0.046797895512959695,0.058922220108706444,0.057179756152285585,0.05098620477563341,0.0663602452500366,0.10290401240273114,0.05428132032619765,0.0822136672706326,0.053517841747783026,0.05307699087548047,0.0705743030389706,0.03256264845621443,0.09900681030155144,0.06812586044038153,0.05632328235241355
2022-07-29,0.04726253960281395,0.04499037448688701,0.05791634670063948,0.05694720145539556,0.05123577188587583,0.06708760196385037,0.10450877693658615,0.054444088971030646,0.08362223546381954,0.052961574732408465,0.05185385126360258,0.0702097120604113,0.03235731813976528,0.10067793920401857,0.06768659212828584,0.05623807500460937
2022-08-31,0.047069928439918175,0.04426936219436569,0.05699073024488927,0.05863749995544826,0.05124121243174348,0.06598772992427929,0.10578695012142167,0.053785994483513955,0.08370381685026194,0.052538930561345336,0.05150035244597937,0.07107727854915094,0.03173594089869882,0.09985133931137029,0.06822182287604589,0.05760111071156753
2022-09-30,0.04851798724916724,0.043855494435615115,0.055354535910925796,0.05882505178228679,0.05051551202635455,0.06477138635882668,0.10797136234639007,0.05304217584477689,0.08466699898822129,0.05303614422005113,0.052808314457585735,0.07008682885609012,0.03240985769112199,0.0987445171643367,0.0691524359463482,0.05624139672190179
2022-10-31,0.04832058790805545,0.04465507306951616,0.05460676264443783,0.05916172190557981,0.04981527193697582,0.0636464472147485,0.11303328231496758,0.051926861535601165,0.08561307414597456,0.05304708378588872,0.05178623240297994,0.06672440533869473,0.031781939772228804,0.09731068151402361,0.07111625422561005,0.057454320284717364
2022-11-30,0.045973334775353744,0.04150307766343264,0.05501664878502409,0.06341942696166859,0.05142671415925295,0.05902883427119937,0.11591586228201704,0.05526609542932352,0.08779119774484428,0.05415863846459727,0.04889896438038351,0.06518446907430762,0.029519269521463234,0.09215200702261096,0.07323918042006278,0.06150627904445841
2022-12-30,0.04571935504132235,0.040770548176749,0.0550004606263161,0.06322691789327152,0.051689257114072726,0.057987326126423384,0.11712370917776448,0.05573196883545232,0.0879881454081415,0.05450629901782178,0.048025874916020096,0.06485435722068052,0.028996494343763772,0.09255977659332838,0.07410802139624376,0.06171148811262834
2023-01-31,0.044818043328333695,0.03990281876758623,0.05506729262546357,0.06378836993114663,0.052210321261507035,0.05723624264753573,0.11842612480224395,0.05588435832369444,0.08685866415976906,0.05466931576810844,0.046856160839429555,0.06732813813379755,0.02821321492192932,0.09287234837748519,0.07424641255565372,0.06162217355631597
2023-02-28,0.04475276751562812,0.03958668927357886,0.05542904477257773,0.06401627389638369,0.05261136993143199,0.055895992379267644,0.11770576040576511,0.05653806000804818,0.08779539222517357,0.05510258639968943,0.04620354891093586,0.06621402610672356,0.028190023725908814,0.09335444454253372,0.07374139957362555,0.06286262033272819
2023-03-31,0.04497588100954949,0.03936200441294488,0.05482952393722383,0.06407759492924031,0.050819323349413144,0.05607528977246737,0.11854858632322261,0.054520152471915745,0.08919441773451083,0.05479778145686503,0.04664607695713317,0.06676507569634418,0.028276904797366848,0.09444402883565807,0.07369139176888868,0.06297596654725579
2023-04-28,0.04512135352865266,0.03957493818978317,0.055060647704315624,0.06356456715480759,0.05105853040257993,0.05618717137403568,0.11727629554851701,0.05482367780403632,0.08945216940485855,0.055388173985432235,0.047338005519635615,0.06601578398901034,0.028655803370691922,0.09469574392559957,0.07353444051958308,0.062252697578460726
2023-05-31,0.04509875582980933,0.039410781304149094,0.05417768056795604,0.06374343508600096,0.05110130277946724,0.05624019159720576,0.11839008752125905,0.054566614962124636,0.08944596289098064,0.05551047413656329,0.04742270925495471,0.06595192183747288,0.02838075191219649,0.09471153785363912,0.07371613568790969,0.06213165677831119
2023-06-30,0.04513285245864413,0.039142395799514694,0.05277143729964077,0.06430714792396854,0.05155153255935087,0.05587727481893621,0.11894242160880289,0.05455942882643867,0.08994551213349986,0.055783120057516296,0.04721425594467214,0.06593476288516016,0.028392350972656598,0.09408328978460882,0.07374637253208344,0.0626158443945059
2023-07-31,0.04564935861432741,0.03909571668719675,0.05313507061542084,0.06472009163430968,0.05183457378672069,0.05603713268921715,0.11795159172855384,0.055321926276269535,0.09024935235299135,0.056000344056463015,0.047204606005744644,0.06472366195179717,0.028344553704496372,0.0927185128106509,0.07377800648917766,0.06323550059666302
2023-08-31,0.04560244484355302,0.03920653599989052,0.053200384559836014,0.06512254526103406,0.051778231052420576,0.056413164885283994,0.11766182307969021,0.05528366393358512,0.09046404645582808,0.055729397406591746,0.047127410917166476,0.06453788556735285,0.028410826719299394,0.09251002895612609,0.07317894487524275,0.063772665487099
2023-09-29,0.0456321205352908,0.038649269004667225,0.05343354957023891,0.06608028884111578,0.05191586393409191,0.05588637497044303,0.11680046746745276,0.05565446359149201,0.09057673849873174,0.05583131783177926,0.047206024306673616,0.06328674567268774,0.02839886704349324,0.09159309471983651,0.07436296649868863,0.06469184751331693
2023-10-31,0.046204413803502556,0.03880617410397264,0.05355679713444812,0.0656807727541366,0.05173732154667955,0.055749339959580375,0.11670897461729557,0.05586218608587058,0.0881666339171079,0.0559975482649971,0.04730546638566378,0.061848875541696345,0.02864516236249301,0.09191300237877582,0.07681148856614245,0.06500584257763761
2023-11-30,0.04627997905748073,0.038850127166166426,0.05340217868903303,0.0657670243669604,0.051437709009178725,0.054946960032421076,0.11534006657429463,0.055813343072384995,0.08924930193195169,0.056006299193784324,0.04741926139779758,0.06042086080222221,0.0290213749382887,0.09199434056741429,0.07833865161937327,0.06571252158124784
2023-12-29,0.04594172090433354,0.03836653122424849,0.052911108739028254,0.06576201580034259,0.05126614374474842,0.05480528784294618,0.11481463253024257,0.05553573526385347,0.0902939838974413,0.05626305794115314,0.04775221719046142,0.05957885825531167,0.029148017711352132,0.09214639135719979,0.07952677745913267,0.06588752013820448
2024-01-31,0.046173691998469525,0.03863957938467213,0.05228380381721451,0.06511702620814691,0.052253196726534126,0.05488105352501917,0.11366967477829647,0.05619069424332477,0.08964430790470916,0.0568099659945483,0.047898712020290224,0.05959730161238975,0.029321676000317518,0.09112887666251773,0.08112180301095617,0.06526863611259341
2024-02-29,0.04652020760818587,0.0386952890591063,0.05106354783156195,0.06362392571668778,0.05201598865686194,0.05508497963583936,0.1166941113180317,0.055837615888104424,0.08868128619678632,0.05721913616780658,0.047588866057617696,0.059167977350462794,0.02968767672960855,0.09112481557560409,0.08258752443970299,0.06440705176803167
2024-03-28,0.04683575651745688,0.03870622437252702,0.05013016434583871,0.06045378609768118,0.05237734308400857,0.05437083152405828,0.11650148515381507,0.05739576763158475,0.08942160757250948,0.059877789386307036,0.047938414185690406,0.057517285170312765,0.030488400685710775,0.09265966815198623,0.08391458606428083,0.061410890056231994
2024-04-30,0.0471870408770491,0.0388238486504696,0.04969514697897818,0.06039013580344275,0.05238687093314576,0.05491202891756056,0.11527789664229399,0.05647245064818079,0.08765505801503012,0.06088472603210316,0.04847948593433053,0.05752543694664941,0.03070682824261662,0.09324794121100444,0.08513444856382232,0.06122065560332274
2024-05-31,0.048910963450187625,0.04148895378564688,0.04760327430355082,0.06040897596910936,0.05098833800108163,0.05420798764821447,0.11038388859276671,0.05550808733477747,0.09140427766702158,0.06014786010890148,0.04853565745191532,0.055023001163940106,0.032243167648796985,0.09635307330056847,0.08561710417663884,0.06117538939688231
2024-06-28,0.04970839234052923,0.04168502767287436,0.04672567956843404,0.0602395186129915,0.05077443582623521,0.051751434631100955,0.10947369292864415,0.05518662529867175,0.08976711143738139,0.061408394933226224,0.04825405886603848,0.054927860606936094,0.033218085474798244,0.09740168802135211,0.08727861373846492,0.06219938004232123
2024-07-31,0.04985858166329816,0.04306403151942661,0.046733883906076176,0.06072916479475425,0.05167456064367183,0.05025577784114198,0.1064971883191614,0.05599008114283743,0.08905437935832007,0.06218451435675406,0.04988034639034782,0.05522910466349918,0.033562179288093595,0.0959929322478213,0.08610097880044262,0.06319229506435342
2024-08-30,0.05021258527676199,0.043883951794404574,0.04736343530241751,0.059592315559355055,0.0510568380584321,0.050362919004489304,0.10620513371746773,0.056490401499152826,0.09085902460693793,0.06377151502554886,0.050205072195215444,0.05406769573683977,0.03350985481487517,0.09491231099482744,0.08543512210310583,0.06207182431016845
2024-09-30,0.05065833269303301,0.044757912480987955,0.04707267581612401,0.05884870026403185,0.049615574886960306,0.04998506541898226,0.10449620478268562,0.05548884088596799,0.09324203700927455,0.06375355138918566,0.05012283267045374,0.05342271804701963,0.033031907822406295,0.09734115391464261,0.08657204268147684,0.06159044923676778
2024-10-31,0.05251285530789141,0.042883263422062494,0.04697119262438135,0.05998413470381523,0.04933199521384088,0.04900782304601783,0.10248525430299871,0.05695406446055983,0.0912026878857278,0.06439900377546931,0.05175218922686558,0.05369472993040167,0.033126824550339766,0.09977455437142098,0.0837618013284881,0.062157625849719025
2024-11-29,0.05643916478085515,0.04508248955594953,0.043823657463228395,0.05908134157733995,0.044654172230977784,0.05234048806373552,0.0976227836332678,0.05357075388845128,0.09496794776364595,0.06485451475218008,0.054411502717700025,0.05530869525946372,0.035123657041536936,0.1039693291640811,0.07632875098261807,0.062420751124968636
2024-12-31,0.060150636925543774,0.04717965419799451,0.04223289270799973,0.058142107826338524,0.043204175431713114,0.05157651814252166,0.09535923299241834,0.05150152065620818,0.09784722875734779,0.06311823862111918,0.057136407703978875,0.05400603531486652,0.036603401954699105,0.10399130598707813,0.07483907194313119,0.0631115708370413
2025-01-31,0.06150584159382773,0.047925580610644766,0.041651321778688855,0.05839343209068763,0.040954567294623864,0.0508395934552679,0.09223980640782693,0.050854019919808875,0.09874300814824266,0.06607860860902243,0.059687454675943365,0.05332478194728711,0.037946207284883224,0.10370732883407617,0.07303395363885433,0.06311449371031404
2025-02-28,0.061340497172913906,0.04875304076517818,0.03994372020063378,0.058871053857968564,0.04049954936518692,0.052285115942894096,0.0952848884007245,0.050490419533347916,0.0967630734830693,0.06558368403423798,0.06287866649494742,0.05360108682356036,0.03882386745210478,0.10192810944231831,0.06998331732907973,0.06296990970183418
2025-03-31,0.05927248690202976,0.04836271159812651,0.03960793469830365,0.05952350789397195,0.04036401118423858,0.04914951715754182,0.09872732676985353,0.05055794334509318,0.09398089360599197,0.06891107291391961,0.06147459060749834,0.05528897214277825,0.03868446666915334,0.1009894282479547,0.07063095184408892,0.06447418441945592
2025-04-30,0.04632660646695854,0.046728447509838074,0.04062166979185999,0.05477107441868237,0.03877271336175237,0.056804989600054166,0.10828259022665415,0.0493602323185597,0.1023398132748545,0.06272568497525664,0.05948284499549387,0.056915426548682174,0.03619428478499822,0.10087188278320128,0.07760024442608217,0.06220149451707185
2025-05-30,0.04672887033896174,0.0454192756201219,0.04066358127589162,0.05570936749340479,0.03904831204738686,0.05671189700971447,0.1048729756551953,0.050332869370317855,0.10571485961047458,0.06337763804671587,0.05982908481485368,0.0569841019860682,0.03731805864880257,0.09971460029260029,0.07316118368246673,0.06441332410702358
2025-06-30,0.046206868977203455,0.045063678576847614,0.041744807587005696,0.056292613316017925,0.038724096587520726,0.05676776461273947,0.10379678700326242,0.050089044592582475,0.10594427549019642,0.06317735791843568,0.0606756744273783,0.05675646794896418,0.03697226815557456,0.09988322347130454,0.07258725578372655,0.06531781555124004
2025-07-31,0.04582841444077874,0.0451498613458399,0.04165339089836892,0.056224563610547534,0.0391147386248112,0.05647677748585631,0.10303120719284627,0.050234307667958916,0.10547995077347824,0.06374189480456817,0.06261020506094139,0.0572249750479951,0.03760304556297289,0.09884146490138176,0.07117245640024715,0.0656127461814077
2025-08-29,0.04551410068694405,0.044789867038790225,0.04196185416809547,0.056538652205870496,0.03908598967227033,0.05550692611387212,0.10334730296881897,0.050706975573742534,0.10692861790095236,0.0641266492901029,0.0636089528566044,0.05663536991383462,0.037891329341869895,0.10007778401622902,0.06753332701914326,0.06574630123285927
2025-09-30,0.04601158592636026,0.04560612192154993,0.04232550551961798,0.055658954856180456,0.03887421554050426,0.05628966516489646,0.10303436703739077,0.05003766737482737,0.10786821032896436,0.06410884756441884,0.06375712836340214,0.057094684038357185,0.03833041891598553,0.1002677859609702,0.06541776747543293,0.06531707401114129
2025-10-31,0.04443547940124367,0.04418557532097937,0.043403450265710644,0.05557939809404412,0.03858289060367146,0.05650723015210737,0.10448918491974517,0.04988968339160232,0.112597577272309,0.0632628261071816,0.0630230632223311,0.05888268562089963,0.03813937432523716,0.09953938435845214,0.06315357272585484,0.06432862421863052
2025-11-28,0.04454754089875704,0.04423358919864059,0.043545579933339004,0.05619160014260115,0.038714971412573664,0.05640545240199069,0.10521731196026249,0.04954112751693496,0.1114946532249116,0.06341548840723106,0.06291822410562174,0.06090224628910474,0.03817128346492983,0.09857246939347555,0.06124572635181216,0.06488273529781381
2025-12-31,0.044643215059745306,0.044092258443419456,0.04367734861648975,0.056171325589719046,0.03898821033538922,0.05592160157444996,0.1045099961128398,0.04863810089889576,0.11354790404877702,0.06241684870427384,0.06391544058098163,0.06088320813888191,0.0387553548487142,0.09857158966511252,0.0600568317706615,0.06521076561164917
2026-01-30,0.044972264743259056,0.0444053043848534,0.04337320170233845,0.05542296740213606,0.03897563078366202,0.0554553373989449,0.10674058313943327,0.04871190256330344,0.11403205137533469,0.06159364239720679,0.0652477674792281,0.0613053269478009,0.03909421705031892,0.09868720518131374,0.057708058215048166,0.06427453923581802
2026-02-27,0.044276652154906934,0.045687639267747826,0.04243463378846468,0.055149483388579036,0.03893457998642964,0.055842833833296926,0.10730228596903123,0.04810038143934114,0.11381073659243032,0.06211519068440172,0.06599090986498181,0.06184864669088613,0.03964076511416422,0.0990964322557594,0.05689383846141321,0.06287499050816572
2026-03-31,0.04439893789505804,0.04541776295836368,0.04113069607712685,0.058448992462252145,0.038508013876478536,0.05504730046827395,0.10615318397343138,0.047819315640819246,0.11317462921789666,0.06325649200041737,0.06710773938956588,0.06230849744707682,0.039273583914642515,0.0958733210940075,0.056689217282726745,0.0653923163018628
2026-04-30,0.04396649244181723,0.045037631700110776,0.04027923519368586,0.059421839376452366,0.038633390171435716,0.0548186226832571,0.1072469778564228,0.0488761539031585,0.1115701990498244,0.06322593471364209,0.06862361130375738,0.061998122800281434,0.03969394130715745,0.09360599636749078,0.05650210763702263,0.06649974349448343
2026-05-29,0.04461977793403626,0.0455570899093974,0.04035867277692138,0.06013082113238552,0.03860589046576367,0.05513262915942804,0.10638710249021692,0.04885985726145769,0.11031121315662475,0.061795730892274844,0.0721087034594681,0.06288137807645058,0.038760734167092296,0.09100243436575893,0.05653177842495522,0.0669561863277685
2026-06-30,0.04422511692397511,0.044589366858330766,0.04146874393725004,0.061518153748372925,0.03907740538018468,0.05516185241202064,0.10274586258776361,0.04907769601247865,0.11141731618631638,0.062473001134822105,0.07028133424393804,0.0637301414201227,0.03842285374419312,0.09010891425366778,0.05667387683803377,0.06902836431852978
2026-07-31,0.04464888157227888,0.04476417995850106,0.043397217883404816,0.062305034326339735,0.039525719932319306,0.056017835896587063,0.10298436127433454,0.049408393086847864,0.10710805953018959,0.06347796195549141,0.06709973029195423,0.06411834165630896,0.03877114338838438,0.08869388451180371,0.05809591299890342,0.06958334173635101
2026-08-31,0.04505520581073555,0.04508793569098342,0.043835775112940394,0.06371536039018898,0.03948335238423064,0.05607441290120668,0.10048606809713906,0.04935697581942984,0.10654932917489936,0.06343943753408444,0.06652893328028436,0.06479056014903388,0.04203184579889183,0.08567978912384534,0.058146186831156264,0.06973883190094986
2026-09-11,0.04490955046077446,0.045266161211771926,0.04438006562708949,0.06460514259736767,0.039646025459267584,0.055976997451814475,0.09915533311034477,0.049494523974120914,0.10637602767954706,0.0637082667191095,0.06630733647676391,0.0648370224305519,0.04271799987214206,0.08428829940437288,0.057678516909172126,0.07065273061578935
